id,destination_category,purpose,distance_km,duration_days,transport_cost,accommodation_cost,total_cost,cost_per_km,_anomaly_label
1,europe,client_visit,2050.3,6,33244,18290,51534,25.1,0
2,europe,training,1589.9,3,56946,20158,77104,48.5,0
3,nearby_eu,training,687.5,2,12196,4723,16919,24.6,0
4,europe,client_visit,1489.1,4,58713,18859,77572,52.1,0
5,europe,conference,1919.4,5,60326,29446,89772,46.8,0
6,europe,other,1292.7,3,43007,23036,66043,51.1,0
7,domestic,client_visit,164.6,2,2026,5408,7434,45.2,0
8,europe,training,1670.0,5,59682,27217,86899,52.0,0
9,domestic,conference,320.5,2,2131,3896,6027,18.8,0
10,nearby_eu,client_visit,516.7,5,34827,34764,69591,134.7,2
11,nearby_eu,training,617.4,3,12055,13788,25843,41.9,0
12,domestic,client_visit,400.1,2,2799,2860,5659,14.1,0
13,domestic,conference,299.9,2,2661,4673,7334,24.5,0
14,europe,client_visit,1874.1,4,47401,17299,64700,34.5,0
15,europe,client_visit,1318.4,5,42232,29623,71855,54.5,0
16,nearby_eu,client_visit,482.6,3,4814,5885,10699,22.2,0
17,domestic,other,336.0,1,3022,3604,6626,19.7,0
18,europe,training,1039.8,4,22314,17582,39896,38.4,0
19,nearby_eu,conference,679.9,3,9211,5887,15098,22.2,0
20,europe,training,1739.6,5,76276,22826,99102,57.0,0
21,domestic,client_visit,310.8,3,3926,7558,11484,36.9,0
22,domestic,client_visit,190.4,1,1707,1303,3010,15.8,0
23,nearby_eu,conference,241.7,2,4222,9350,13572,56.1,0
24,nearby_eu,client_visit,675.3,2,5947,7528,13475,20.0,0
25,domestic,client_visit,194.3,2,2618,4670,7288,37.5,0
26,domestic,client_visit,50.0,1,492,4307,4799,96.0,0
27,europe,conference,1300.4,3,27789,11386,39175,30.1,0
28,domestic,training,397.4,1,5158,2546,7704,19.4,0
29,nearby_eu,conference,429.4,3,6048,6402,12450,29.0,0
30,intercontinental,other,12621.5,10,158717,86949,245666,19.5,0
31,domestic,training,222.5,10,45015,123647,168662,758.0,2
32,domestic,other,88.5,3,1433,6164,7597,85.9,0
33,domestic,client_visit,125.0,1,1496,1893,3389,27.1,0
34,nearby_eu,conference,657.6,4,10792,17370,28162,42.8,0
35,domestic,client_visit,161.9,1,1266,1937,3203,19.8,0
36,europe,training,1618.4,4,41342,29276,70618,43.6,0
37,europe,other,1507.3,4,39640,21930,61570,40.8,0
38,nearby_eu,conference,600.8,3,19453,20813,40266,67.0,0
39,intercontinental,training,4102.4,7,58258,86337,144595,35.2,0
40,europe,training,800.0,5,16636,20443,37079,46.3,0
41,domestic,client_visit,266.8,1,1769,4941,6710,25.1,0
42,domestic,training,537.2,4,3869,7650,11519,21.4,0
43,domestic,training,141.8,2,1763,5190,6953,49.0,0
44,domestic,conference,87.5,2,812,4805,5617,64.2,0
45,domestic,client_visit,421.8,2,4654,4489,9143,21.7,0
46,intercontinental,other,9086.2,9,212255,127641,339896,37.4,0
47,nearby_eu,conference,324.1,4,5582,16322,21904,67.6,0
48,domestic,training,343.6,1,3011,2431,5442,15.8,0
49,nearby_eu,training,556.2,3,9287,17841,27128,48.8,0
50,nearby_eu,client_visit,620.6,3,8947,5232,14179,22.8,0
51,nearby_eu,conference,227.2,4,3315,13286,16601,73.1,0
52,europe,conference,2380.0,6,108241,46927,155168,65.2,0
53,nearby_eu,training,681.0,4,10027,13948,23975,35.2,0
54,domestic,training,115.0,2,1090,6866,7956,69.2,0
55,domestic,training,382.3,1,3752,1409,5161,13.5,0
56,europe,client_visit,1982.5,4,41793,20250,62043,31.3,0
57,nearby_eu,conference,651.8,4,12366,5693,18059,27.7,0
58,nearby_eu,training,675.2,5,6062,13579,19641,29.1,0
59,domestic,conference,486.6,2,6168,3541,9709,20.0,0
60,europe,client_visit,1739.7,5,52542,18007,70549,40.6,0
61,domestic,conference,333.7,7,32196,57284,89480,268.1,2
62,europe,client_visit,1106.6,5,39250,25108,64358,58.2,0
63,intercontinental,training,10557.1,11,263351,79365,342716,32.5,0
64,domestic,client_visit,215.9,2,3115,2393,5508,25.5,0
65,domestic,client_visit,168.8,2,1955,4887,6842,40.5,0
66,domestic,other,287.6,1,3270,2872,6142,21.4,0
67,intercontinental,training,8587.1,11,119031,104945,223976,26.1,0
68,domestic,conference,307.5,2,37037,5363,42400,137.9,1
69,domestic,conference,396.1,1,2755,1252,4007,10.1,0
70,europe,conference,2049.7,4,540429,30254,570683,278.4,1
71,europe,conference,1138.3,7,32706,25460,58166,51.1,0
72,domestic,training,155.7,2,1949,8461,10410,66.9,0
73,nearby_eu,conference,340.7,3,5254,5086,10340,30.4,0
74,domestic,conference,205.3,1,1708,2588,4296,20.9,0
75,nearby_eu,client_visit,663.2,4,108805,7759,116564,175.8,1
76,europe,client_visit,2268.8,5,61234,28542,89776,39.6,0
77,nearby_eu,conference,596.0,3,12888,7396,20284,34.0,0
78,nearby_eu,client_visit,652.2,2,6686,3093,9779,15.0,0
79,domestic,conference,239.0,3,3256,4578,7834,32.8,0
80,nearby_eu,training,514.6,3,9792,8966,18758,36.5,0
81,nearby_eu,client_visit,581.5,6,9902,35168,45070,77.5,0
82,intercontinental,other,8041.0,8,84036,73484,157520,19.6,0
83,europe,client_visit,1967.5,6,74652,34483,109135,55.5,0
84,domestic,client_visit,236.8,2,1417,3873,5290,22.3,0
85,europe,other,2418.3,6,55358,16949,72307,29.9,0
86,domestic,other,618.9,2,5291,5250,10541,17.0,0
87,europe,client_visit,1659.7,5,57989,28498,86487,52.1,0
88,domestic,conference,405.7,3,3091,4710,7801,19.2,0
89,intercontinental,conference,12130.7,8,237009,65596,302605,24.9,0
90,nearby_eu,client_visit,496.8,2,7010,8075,15085,30.4,0
91,domestic,conference,204.6,12,47230,50601,97831,478.2,2
92,domestic,training,314.7,2,2931,4141,7072,22.5,0
93,domestic,client_visit,379.0,2,4220,5436,9656,25.5,0
94,europe,other,1547.7,4,35093,13510,48603,31.4,0
95,domestic,client_visit,208.1,1,2039,2497,4536,21.8,0
96,nearby_eu,conference,787.0,4,12042,10611,22653,28.8,0
97,nearby_eu,client_visit,246.9,3,4251,7246,11497,46.6,0
98,nearby_eu,other,887.3,4,13228,15614,28842,32.5,0
99,europe,other,1423.7,3,48692,32041,80733,56.7,0
100,nearby_eu,client_visit,634.2,5,7205,18687,25892,40.8,0
101,europe,training,1345.7,2,26321,8513,34834,25.9,0
102,nearby_eu,other,635.6,1,162425,2730,165155,259.8,1
103,domestic,client_visit,190.9,2,2363,5216,7579,39.7,0
104,domestic,conference,135.2,2,907,5213,6120,45.3,0
105,intercontinental,training,10198.7,10,111641,135389,247030,24.2,0
106,intercontinental,conference,8953.0,7,132800,44581,177381,19.8,0
107,intercontinental,training,5286.4,5,107893,102750,210643,39.8,0
108,domestic,client_visit,236.5,9,62334,115195,177529,750.7,2
109,domestic,client_visit,70.8,2,1257,4697,5954,84.1,0
110,nearby_eu,conference,721.5,1,12087,2931,15018,20.8,0
111,nearby_eu,conference,963.6,5,61997,57706,119703,124.2,2
112,nearby_eu,client_visit,858.9,2,8556,6754,15310,17.8,0
113,nearby_eu,conference,561.2,1,5712,4083,9795,17.5,0
114,nearby_eu,training,760.5,3,9963,6184,16147,21.2,0
115,domestic,conference,613.6,2,6839,4129,10968,17.9,0
116,nearby_eu,client_visit,867.9,2,12292,5668,17960,20.7,0
117,nearby_eu,conference,474.5,2,8289,6193,14482,30.5,0
118,domestic,other,164.3,1,857,1525,2382,14.5,0
119,nearby_eu,client_visit,836.0,3,10022,9981,20003,23.9,0
120,domestic,training,152.5,2,1433,5627,7060,46.3,0
121,domestic,conference,135.1,2,1273,2771,4044,29.9,0
122,domestic,client_visit,230.9,1,2247,3377,5624,24.4,0
123,domestic,client_visit,150.8,3,1632,8834,10466,69.4,0
124,domestic,client_visit,342.7,2,3996,4097,8093,23.6,0
125,intercontinental,conference,10377.7,12,85716,39847,125563,12.1,0
126,domestic,client_visit,137.1,1,1409,3133,4542,33.1,0
127,nearby_eu,conference,494.5,2,7937,6069,14006,28.3,0
128,nearby_eu,client_visit,990.6,4,12247,18821,31068,31.4,0
129,europe,client_visit,2349.8,6,80942,38214,119156,50.7,0
130,domestic,client_visit,291.7,1,2038,4168,6206,21.3,0
131,europe,client_visit,1753.1,7,49253,37803,87056,49.7,0
132,europe,conference,1636.2,2,45162,9701,54863,33.5,0
133,intercontinental,client_visit,8232.0,10,108349,72211,180560,21.9,0
134,nearby_eu,conference,408.4,1,7539,3945,11484,28.1,0
135,europe,conference,2197.4,7,82000,35521,117521,53.5,0
136,nearby_eu,client_visit,659.3,3,15125,15492,30617,46.4,0
137,europe,other,1408.5,5,37269,20071,57340,40.7,0
138,nearby_eu,client_visit,435.5,3,6226,11191,17417,40.0,0
139,domestic,other,212.6,3,1535,2952,4487,21.1,0
140,europe,other,1618.6,5,63669,9053,72722,44.9,0
141,europe,client_visit,923.3,4,20939,14237,35176,38.1,0
142,domestic,conference,537.2,2,9158,4459,13617,25.3,0
143,europe,other,1678.6,5,114464,34548,149012,88.8,0
144,nearby_eu,client_visit,496.8,2,10251,6880,17131,34.5,0
145,domestic,conference,327.1,2,1901,5668,7569,23.1,0
146,domestic,conference,271.8,2,29571,6033,35604,131.0,1
147,domestic,client_visit,198.1,2,2142,2999,5141,25.9,0
148,intercontinental,training,3500.0,5,45343,35858,81201,23.2,0
149,europe,other,1735.3,7,35598,22421,58019,33.4,0
150,domestic,conference,454.3,1,2254,1151,3405,7.5,0
151,nearby_eu,client_visit,486.1,8,56981,41393,98374,202.4,2
152,nearby_eu,training,690.1,1,12315,3535,15850,23.0,0
153,europe,conference,1226.7,9,32245,27698,59943,48.9,0
154,domestic,training,174.8,2,2041,3473,5514,31.6,0
155,europe,other,2461.8,6,100972,14680,115652,47.0,0
156,domestic,other,296.7,1,2832,4498,7330,24.7,0
157,nearby_eu,client_visit,526.6,3,8439,12094,20533,39.0,0
158,nearby_eu,other,651.2,3,7549,9865,17414,26.7,0
159,domestic,conference,309.6,2,48425,6942,55367,178.8,1
160,nearby_eu,client_visit,657.2,1,11705,849,12554,19.1,0
161,nearby_eu,conference,689.8,2,9042,11447,20489,29.7,0
162,europe,client_visit,1598.8,6,70401,31531,101932,63.8,0
163,nearby_eu,client_visit,571.8,1,8516,2564,11080,19.4,0
164,nearby_eu,conference,515.0,3,8770,12894,21664,42.1,0
165,domestic,training,434.7,2,2923,5208,8131,18.7,0
166,intercontinental,client_visit,8842.5,11,127657,109089,236746,26.8,0
167,nearby_eu,other,510.4,2,10420,11929,22349,43.8,0
168,domestic,training,264.6,2,3280,4607,7887,29.8,0
169,intercontinental,client_visit,8034.0,7,92998,69471,162469,20.2,0
170,domestic,conference,373.8,2,4619,5081,9700,25.9,0
171,domestic,conference,209.9,1,1566,1492,3058,14.6,0
172,domestic,conference,232.8,2,2560,4961,7521,32.3,0
173,domestic,client_visit,50.0,2,271,4460,4731,94.6,0
174,nearby_eu,client_visit,853.2,3,11865,12264,24129,28.3,0
175,nearby_eu,other,806.8,8,43043,60218,103261,128.0,2
176,domestic,client_visit,377.8,2,3051,3174,6225,16.5,0
177,intercontinental,other,5524.2,10,50724,72179,122903,22.2,0
178,europe,client_visit,800.0,7,23359,40918,64277,80.3,0
179,domestic,client_visit,258.5,3,2274,10148,12422,48.1,0
180,domestic,conference,129.9,2,1947,4272,6219,47.9,0
181,europe,conference,1462.4,2,31711,10900,42611,29.1,0
182,nearby_eu,client_visit,445.1,4,7624,12840,20464,46.0,0
183,europe,conference,1666.2,4,31541,11124,42665,25.6,0
184,domestic,client_visit,196.5,2,2455,4712,7167,36.5,0
185,intercontinental,other,8012.2,14,119628,158091,277719,34.7,0
186,domestic,client_visit,366.0,2,4232,2899,7131,19.5,0
187,europe,training,1123.2,7,39792,61593,101385,90.3,0
188,europe,client_visit,1455.7,5,41672,38462,80134,55.0,0
189,domestic,client_visit,141.6,2,1417,3309,4726,33.4,0
190,europe,conference,1437.9,8,39166,36459,75625,52.6,0
191,intercontinental,training,7463.4,7,142856,51282,194138,26.0,0
192,europe,conference,1622.3,5,45473,48039,93512,57.6,0
193,domestic,conference,204.0,6,34305,72552,106857,523.8,2
194,domestic,conference,424.2,2,5554,4880,10434,24.6,0
195,europe,client_visit,1666.4,5,70476,9850,80326,48.2,0
196,domestic,conference,229.1,2,1502,3026,4528,19.8,0
197,nearby_eu,training,994.4,2,14370,4393,18763,18.9,0
198,nearby_eu,conference,350.5,3,3582,7635,11217,32.0,0
199,domestic,conference,338.4,1,4299,1623,5922,17.5,0
200,domestic,conference,87.3,2,967,5554,6521,74.7,0
201,intercontinental,client_visit,11021.0,8,176759,130113,306872,27.8,0
202,nearby_eu,conference,366.9,4,4364,8227,12591,34.3,0
203,nearby_eu,conference,556.4,2,7371,5187,12558,22.6,0
204,domestic,client_visit,321.7,2,2804,4099,6903,21.5,0
205,intercontinental,conference,4341.6,5,30061,24762,54823,12.6,0
206,intercontinental,training,11813.6,10,191199,55388,246587,20.9,0
207,nearby_eu,client_visit,447.4,3,8387,8277,16664,37.2,0
208,intercontinental,client_visit,8442.2,10,87907,78791,166698,19.7,0
209,domestic,conference,497.3,3,3756,12513,16269,32.7,0
210,nearby_eu,client_visit,595.6,2,5744,6370,12114,20.3,0
211,domestic,client_visit,492.4,1,5357,1669,7026,14.3,0
212,domestic,client_visit,274.6,6,49254,51787,101041,368.0,2
213,domestic,conference,217.4,2,2104,3202,5306,24.4,0
214,intercontinental,client_visit,9862.0,14,192375,94698,287073,29.1,0
215,intercontinental,client_visit,8265.4,7,169126,62692,231818,28.0,0
216,domestic,training,50.0,1,624,2251,2875,57.5,0
217,europe,client_visit,1586.1,8,55937,42664,98601,62.2,0
218,domestic,training,50.0,2,633,2417,3050,61.0,0
219,intercontinental,conference,5497.0,9,39865,88656,128521,23.4,0
220,nearby_eu,client_visit,200.0,2,4519,2366,6885,34.4,0
221,nearby_eu,conference,765.1,2,13706,8430,22136,28.9,0
222,intercontinental,conference,9252.9,5,167872,29211,197083,21.3,0
223,europe,client_visit,800.0,5,29369,27943,57312,71.6,0
224,domestic,conference,383.9,1,2841,3069,5910,15.4,0
225,nearby_eu,training,1007.7,3,19384,28573,47957,47.6,0
226,nearby_eu,client_visit,678.4,3,9365,6890,16255,24.0,0
227,intercontinental,conference,6149.6,12,77538,85024,162562,26.4,0
228,intercontinental,training,9187.4,15,136088,101414,237502,25.9,0
229,intercontinental,client_visit,7488.9,8,125830,32296,158126,21.1,0
230,domestic,conference,332.8,1,4827,3531,8358,25.1,0
231,europe,training,2097.5,6,37467,29724,67191,32.0,0
232,europe,client_visit,1706.4,5,72180,39835,112015,65.6,0
233,nearby_eu,client_visit,542.1,1,8905,5464,14369,26.5,0
234,domestic,training,151.8,1,2295,1790,4085,26.9,0
235,domestic,conference,540.7,2,5137,5475,10612,19.6,0
236,intercontinental,conference,7292.8,8,82614,50044,132658,18.2,0
237,nearby_eu,other,729.9,3,13483,8699,22182,30.4,0
238,nearby_eu,other,870.0,4,10965,31727,42692,49.1,0
239,nearby_eu,other,586.4,3,8848,11831,20679,35.3,0
240,domestic,training,152.4,2,1972,5642,7614,50.0,0
241,domestic,other,149.9,1,948,2407,3355,22.4,0
242,nearby_eu,client_visit,200.0,1,4379,2641,7020,35.1,0
243,domestic,client_visit,481.4,2,5221,10648,15869,33.0,0
244,nearby_eu,other,443.6,2,8186,6533,14719,33.2,0
245,europe,client_visit,1531.5,9,43984,88684,132668,86.6,0
246,europe,training,1165.2,3,37108,21839,58947,50.6,0
247,nearby_eu,training,267.1,1,2605,3544,6149,23.0,0
248,domestic,client_visit,50.0,2,477,9757,10234,204.7,0
249,intercontinental,conference,12976.4,10,197513,81471,278984,21.5,0
250,europe,training,1114.3,6,21242,33986,55228,49.6,0
251,domestic,client_visit,276.8,1,2050,1923,3973,14.4,0
252,nearby_eu,training,315.5,4,3625,10966,14591,46.3,0
253,domestic,client_visit,326.2,2,3751,1975,5726,17.6,0
254,europe,client_visit,1679.4,5,54823,35135,89958,53.6,0
255,domestic,conference,309.4,1,4468,1951,6419,20.7,0
256,intercontinental,other,3500.0,8,43162,53104,96266,27.5,0
257,nearby_eu,conference,540.8,1,10285,4198,14483,26.8,0
258,nearby_eu,client_visit,312.1,5,3817,22599,26416,84.6,0
259,europe,other,2509.8,4,88907,21884,110791,44.1,0
260,domestic,client_visit,246.9,1,1971,2712,4683,19.0,0
261,domestic,conference,178.6,1,1612,1304,2916,16.3,0
262,europe,conference,2062.9,6,55451,25847,81298,39.4,0
263,domestic,training,119.4,1,999,1413,2412,20.2,0
264,domestic,client_visit,57.8,2,543,5009,5552,96.0,0
265,domestic,training,103.3,2,1377,1896,3273,31.7,0
266,domestic,conference,258.6,2,2123,4204,6327,24.5,0
267,europe,client_visit,2165.7,3,53377,8856,62233,28.7,0
268,intercontinental,client_visit,6157.2,10,90856,88114,178970,29.1,0
269,intercontinental,conference,5210.7,9,93020,113508,206528,39.6,0
270,domestic,conference,470.1,2,4965,4050,9015,19.2,0
271,europe,conference,1448.6,5,41462,19321,60783,42.0,0
272,nearby_eu,conference,200.0,3,2586,12702,15288,76.4,0
273,nearby_eu,training,850.4,3,18680,4185,22865,26.9,0
274,domestic,conference,430.9,1,3414,2325,5739,13.3,0
275,domestic,training,431.8,1,5671,2206,7877,18.2,0
276,nearby_eu,training,695.7,1,13347,1928,15275,22.0,0
277,nearby_eu,client_visit,849.0,3,11184,8413,19597,23.1,0
278,domestic,training,226.0,2,1457,5099,6556,29.0,0
279,intercontinental,training,8560.1,17,81779,127526,209305,24.5,0
280,nearby_eu,other,419.9,3,6721,11353,18074,43.0,0
281,europe,client_visit,800.0,5,25408,22930,48338,60.4,0
282,domestic,client_visit,331.0,1,3060,1243,4303,13.0,0
283,europe,client_visit,2337.1,4,78284,16300,94584,40.5,0
284,domestic,client_visit,402.2,1,2589,1301,3890,9.7,0
285,europe,other,850.6,6,20903,73961,94864,111.5,0
286,domestic,conference,122.1,1,1270,909,2179,17.8,0
287,nearby_eu,client_visit,475.7,3,10141,9583,19724,41.5,0
288,europe,client_visit,1984.6,5,41848,26232,68080,34.3,0
289,intercontinental,client_visit,9897.6,5,172516,22929,195445,19.7,0
290,domestic,other,437.8,2,3364,3598,6962,15.9,0
291,europe,client_visit,1545.5,5,40752,14453,55205,35.7,0
292,nearby_eu,client_visit,265.3,3,3374,10640,14014,52.8,0
293,domestic,conference,350.9,1,4234,1639,5873,16.7,0
294,domestic,training,211.2,2,1699,3477,5176,24.5,0
295,domestic,client_visit,433.9,2,7003,10415,17418,40.1,0
296,nearby_eu,conference,309.5,2,53542,4550,58092,187.7,1
297,nearby_eu,client_visit,300.2,4,3714,39555,43269,144.2,0
298,domestic,training,216.8,2,1508,8414,9922,45.8,0
299,nearby_eu,other,270.2,3,3158,17780,20938,77.5,0
300,domestic,client_visit,50.0,1,606,3488,4094,81.9,0
301,intercontinental,client_visit,9044.3,12,73903,93319,167222,18.5,0
302,nearby_eu,training,200.0,2,2919,6427,9346,46.7,0
303,intercontinental,conference,8088.8,10,96562,66755,163317,20.2,0
304,europe,conference,1886.2,5,53404,36015,89419,47.4,0
305,intercontinental,conference,8966.7,9,122255,58894,181149,20.2,0
306,intercontinental,other,9555.2,8,68846,83585,152431,16.0,0
307,domestic,client_visit,156.9,2,1995,7956,9951,63.4,0
308,intercontinental,other,10292.4,9,97856,82179,180035,17.5,0
309,nearby_eu,client_visit,630.5,3,15260,7243,22503,35.7,0
310,domestic,conference,403.1,1,2792,1014,3806,9.4,0
311,europe,client_visit,1369.3,6,32035,32755,64790,47.3,0
312,domestic,conference,346.5,1,3305,3270,6575,19.0,0
313,domestic,client_visit,371.8,1,5521,3246,8767,23.6,0
314,intercontinental,conference,7614.7,11,89229,93834,183063,24.0,0
315,domestic,training,193.7,1,1438,1098,2536,13.1,0
316,domestic,client_visit,479.5,1,5874,3776,9650,20.1,0
317,europe,conference,800.0,5,16630,26970,43600,54.5,0
318,europe,training,2214.7,3,45104,6611,51715,23.4,0
319,domestic,conference,62.9,2,554,2923,3477,55.3,0
320,intercontinental,conference,9888.2,9,152878,45159,198037,20.0,0
321,domestic,training,214.2,2,1721,5340,7061,33.0,0
322,domestic,training,446.6,1,3758,3248,7006,15.7,0
323,domestic,training,126.9,3,740,10135,10875,85.7,0
324,nearby_eu,client_visit,445.9,2,9092,8982,18074,40.5,0
325,domestic,client_visit,159.2,3,1090,12142,13232,83.1,0
326,domestic,other,185.2,1,1295,2280,3575,19.3,0
327,europe,other,1372.2,2,31124,7078,38202,27.8,0
328,domestic,client_visit,287.9,2,1750,3431,5181,18.0,0
329,nearby_eu,training,788.9,1,11649,2721,14370,18.2,0
330,intercontinental,client_visit,7441.5,8,78759,75030,153789,20.7,0
331,domestic,conference,219.7,2,2056,3915,5971,27.2,0
332,domestic,client_visit,92.4,2,543,4778,5321,57.6,0
333,domestic,client_visit,303.9,1,3065,1999,5064,16.7,0
334,nearby_eu,conference,625.6,2,7987,4055,12042,19.2,0
335,europe,other,1739.0,7,49904,40622,90526,52.1,0
336,europe,client_visit,1281.5,9,31616,34939,66555,51.9,0
337,nearby_eu,conference,256.9,4,4003,8916,12919,50.3,0
338,europe,client_visit,841.3,8,28327,39845,68172,81.0,0
339,intercontinental,conference,8121.4,7,1588184,65440,1653624,203.6,1
340,nearby_eu,other,609.9,3,6717,5830,12547,20.6,0
341,domestic,other,308.8,1,4453,1823,6276,20.3,0
342,domestic,conference,295.9,2,2599,6425,9024,30.5,0
343,europe,conference,2153.6,6,1140569,22445,1163014,540.0,1
344,domestic,other,372.5,2,3832,2871,6703,18.0,0
345,domestic,client_visit,442.3,4,4900,10982,15882,35.9,0
346,intercontinental,client_visit,6512.4,6,56457,90051,146508,22.5,0
347,domestic,client_visit,236.7,2,3101,4346,7447,31.5,0
348,intercontinental,conference,7242.0,5,54112,35310,89422,12.3,0
349,domestic,conference,99.9,9,85781,48618,134399,1345.3,2
350,domestic,conference,334.2,1,3493,3244,6737,20.2,0
351,intercontinental,client_visit,6889.7,7,102100,58801,160901,23.4,0
352,europe,other,2091.3,5,72943,34805,107748,51.5,0
353,intercontinental,conference,12521.8,10,100721,59469,160190,12.8,0
354,domestic,training,208.3,3,1553,4873,6426,30.8,0
355,domestic,client_visit,349.5,2,3694,5299,8993,25.7,0
356,nearby_eu,other,604.7,3,12012,12595,24607,40.7,0
357,nearby_eu,client_visit,595.6,3,10058,23591,33649,56.5,0
358,nearby_eu,client_visit,825.7,5,29430,36955,66385,80.4,2
359,intercontinental,training,7215.7,10,1108775,88055,1196830,165.9,1
360,nearby_eu,conference,503.6,6,8998,15520,24518,48.7,0
361,domestic,client_visit,411.1,2,4260,4295,8555,20.8,0
362,europe,conference,954.7,5,31628,28367,59995,62.8,0
363,nearby_eu,training,408.9,2,5022,11149,16171,39.5,0
364,nearby_eu,other,866.9,6,30215,35782,65997,76.1,2
365,domestic,client_visit,129.1,2,918,4997,5915,45.8,0
366,domestic,training,351.1,2,3162,9851,13013,37.1,0
367,europe,conference,998.6,2,28096,9547,37643,37.7,0
368,domestic,client_visit,356.9,2,2749,3009,5758,16.1,0
369,domestic,client_visit,50.0,2,501,4054,4555,91.1,0
370,domestic,client_visit,255.2,2,3023,6634,9657,37.8,0
371,nearby_eu,other,680.7,3,9643,13773,23416,34.4,0
372,intercontinental,client_visit,13179.3,6,171998,47000,218998,16.6,0
373,nearby_eu,training,238.3,10,36252,125265,161517,677.8,2
374,europe,other,1740.6,5,57318,57368,114686,65.9,0
375,nearby_eu,client_visit,332.2,1,8278,2393,10671,32.1,0
376,domestic,other,267.4,1,2454,3510,5964,22.3,0
377,europe,client_visit,2165.6,6,50964,16444,67408,31.1,0
378,domestic,conference,443.2,1,4328,2843,7171,16.2,0
379,nearby_eu,client_visit,308.0,3,5281,15402,20683,67.1,0
380,intercontinental,other,6002.6,9,73888,84170,158058,26.3,0
381,domestic,conference,250.0,1,2200,2577,4777,19.1,0
382,domestic,client_visit,407.2,2,1726,2707,4433,10.9,0
383,domestic,client_visit,50.0,3,501,10043,10544,210.9,0
384,domestic,client_visit,330.8,2,6259,6363,12622,38.2,0
385,domestic,conference,439.8,3,3902,10275,14177,32.2,0
386,domestic,other,175.0,1,1606,1826,3432,19.6,0
387,intercontinental,conference,6982.8,10,79067,162739,241806,34.6,0
388,nearby_eu,other,640.1,4,11074,22878,33952,53.0,0
389,intercontinental,training,9225.7,8,134335,145857,280192,30.4,0
390,nearby_eu,client_visit,869.3,4,13954,5497,19451,22.4,0
391,domestic,other,485.8,6,57873,48089,105962,218.1,2
392,domestic,conference,275.3,1,2818,6297,9115,33.1,0
393,domestic,training,398.2,3,3775,3023,6798,17.1,0
394,domestic,client_visit,144.2,2,1188,7786,8974,62.2,0
395,nearby_eu,client_visit,723.0,3,12225,6501,18726,25.9,0
396,domestic,client_visit,325.4,3,5051,11985,17036,52.4,0
397,intercontinental,client_visit,9544.9,17,187801,202898,390699,40.9,0
398,nearby_eu,conference,761.4,2,11396,6509,17905,23.5,0
399,domestic,other,50.0,2,3940,4471,8411,168.2,1
400,europe,training,2074.2,2,50250,12968,63218,30.5,0
401,intercontinental,client_visit,10072.0,13,129296,48132,177428,17.6,0
402,domestic,conference,323.2,1,2336,1859,4195,13.0,0
403,nearby_eu,client_visit,715.4,2,15061,7566,22627,31.6,0
404,europe,client_visit,1945.6,3,34345,16752,51097,26.3,0
405,nearby_eu,other,456.8,2,11361,3560,14921,32.7,0
406,europe,training,2414.1,3,56629,18957,75586,31.3,0
407,intercontinental,training,7413.9,14,798721,113469,912190,123.0,1
408,domestic,client_visit,199.2,2,3318,2467,5785,29.0,0
409,domestic,training,294.3,2,2250,3028,5278,17.9,0
410,nearby_eu,conference,550.2,3,10329,7051,17380,31.6,0
411,domestic,training,644.5,2,5669,5893,11562,17.9,0
412,europe,conference,1358.1,6,30161,25666,55827,41.1,0
413,nearby_eu,client_visit,440.9,1,4125,2106,6231,14.1,0
414,europe,conference,886.7,4,19988,16917,36905,41.6,0
415,nearby_eu,client_visit,583.7,2,84263,7701,91964,157.6,1
416,intercontinental,training,8302.1,5,114519,52100,166619,20.1,0
417,domestic,other,156.6,2,1550,4235,5785,36.9,0
418,nearby_eu,client_visit,775.0,4,12392,18539,30931,39.9,0
419,domestic,client_visit,173.3,3,3218,6300,9518,54.9,0
420,intercontinental,conference,11649.3,11,162371,125877,288248,24.7,0
421,domestic,client_visit,408.7,3,4519,9309,13828,33.8,0
422,domestic,conference,518.9,2,6501,4611,11112,21.4,0
423,nearby_eu,training,910.3,3,9019,9398,18417,20.2,0
424,intercontinental,conference,9721.8,8,76339,128114,204453,21.0,0
425,domestic,conference,228.0,3,1958,10210,12168,53.4,0
426,nearby_eu,training,613.5,3,13154,7341,20495,33.4,0
427,domestic,client_visit,368.4,2,4129,3895,8024,21.8,0
428,nearby_eu,training,468.0,8,81151,75697,156848,335.1,2
429,europe,client_visit,1535.1,4,23973,23186,47159,30.7,0
430,domestic,client_visit,397.5,3,6033,7564,13597,34.2,0
431,intercontinental,other,12910.7,13,128943,109462,238405,18.5,0
432,nearby_eu,client_visit,688.0,5,13167,29758,42925,62.4,0
433,intercontinental,client_visit,9267.6,6,91983,75722,167705,18.1,0
434,europe,conference,2180.8,5,67157,29777,96934,44.4,0
435,domestic,other,477.4,2,5685,3205,8890,18.6,0
436,intercontinental,client_visit,10196.4,5,105280,62424,167704,16.4,0
437,domestic,client_visit,425.4,1,6315,2127,8442,19.8,0
438,domestic,conference,154.4,1,1460,3012,4472,29.0,0
439,nearby_eu,client_visit,769.5,2,11030,3357,14387,18.7,0
440,nearby_eu,client_visit,794.0,2,20205,5242,25447,32.0,0
441,europe,other,1726.9,4,46297,33444,79741,46.2,0
442,domestic,training,274.1,11,49734,91636,141370,515.8,2
443,intercontinental,other,11580.8,8,141796,80318,222114,19.2,0
444,europe,client_visit,1547.3,3,33141,25995,59136,38.2,0
445,intercontinental,conference,6761.8,10,171775,52190,223965,33.1,0
446,domestic,conference,460.1,1,4574,1760,6334,13.8,0
447,domestic,client_visit,254.8,2,1921,3372,5293,20.8,0
448,domestic,training,220.8,2,1974,3968,5942,26.9,0
449,domestic,conference,376.7,10,26626,54002,80628,214.0,2
450,domestic,client_visit,499.2,2,3038,5228,8266,16.6,0
451,domestic,training,419.4,1,2766,2321,5087,12.1,0
452,nearby_eu,conference,876.0,1,9795,2296,12091,13.8,0
453,intercontinental,training,12117.6,12,180961,98925,279886,23.1,0
454,europe,other,2114.3,3,74802,23541,98343,46.5,0
455,nearby_eu,training,672.1,1,11702,3256,14958,22.3,0
456,intercontinental,conference,7990.6,5,99845,40014,139859,17.5,0
457,domestic,conference,425.5,1,4469,3591,8060,18.9,0
458,domestic,training,198.0,2,1537,4125,5662,28.6,0
459,europe,conference,898.2,2,40794,8388,49182,54.8,0
460,nearby_eu,client_visit,362.8,3,11553,17311,28864,79.6,0
461,domestic,client_visit,163.6,1,2176,3418,5594,34.2,0
462,domestic,conference,256.7,2,2863,3788,6651,25.9,0
463,nearby_eu,conference,828.2,1,15845,3856,19701,23.8,0
464,europe,conference,1183.3,2,28535,14019,42554,36.0,0
465,domestic,training,50.0,3,630,8843,9473,189.5,0
466,europe,training,1453.4,5,36103,68038,104141,71.7,0
467,domestic,training,345.2,1,5259,1711,6970,20.2,0
468,nearby_eu,conference,668.5,3,10728,9983,20711,31.0,0
469,nearby_eu,training,920.3,3,11816,8382,20198,21.9,0
470,nearby_eu,training,448.2,3,6672,12683,19355,43.2,0
471,domestic,client_visit,415.8,2,3158,3178,6336,15.2,0
472,domestic,client_visit,50.0,2,340,3457,3797,75.9,0
473,domestic,client_visit,205.3,2,1766,2524,4290,20.9,0
474,nearby_eu,client_visit,773.9,1,13463,4395,17858,23.1,0
475,domestic,conference,263.7,5,55356,65409,120765,458.0,2
476,intercontinental,conference,10945.9,12,107675,112896,220571,20.2,0
477,domestic,other,312.3,3,3189,6192,9381,30.0,0
478,intercontinental,conference,10249.1,7,99430,44004,143434,14.0,0
479,nearby_eu,training,804.5,3,19214,17156,36370,45.2,0
480,domestic,training,500.6,2,5185,3867,9052,18.1,0
481,domestic,client_visit,368.6,1,8681,1456,10137,27.5,0
482,nearby_eu,conference,931.7,3,17498,5062,22560,24.2,0
483,domestic,conference,50.0,2,266,2662,2928,58.6,0
484,europe,conference,1837.8,5,66092,33274,99366,54.1,0
485,intercontinental,other,9049.7,11,122406,73779,196185,21.7,0
486,nearby_eu,client_visit,677.0,3,8995,7930,16925,25.0,0
487,domestic,client_visit,291.0,1,3649,1777,5426,18.6,0
488,nearby_eu,conference,456.5,2,7388,10497,17885,39.2,0
489,nearby_eu,training,705.1,2,19139,6797,25936,36.8,0
490,nearby_eu,conference,1027.3,5,27444,11538,38982,37.9,0
491,domestic,client_visit,311.4,1,2599,1701,4300,13.8,0
492,domestic,client_visit,318.8,1,2921,1656,4577,14.4,0
493,intercontinental,conference,11157.9,7,67358,27898,95256,8.5,0
494,domestic,training,174.9,3,2492,6661,9153,52.3,0
495,domestic,other,311.8,3,3509,8696,12205,39.1,0
496,intercontinental,conference,10313.6,8,66281,27795,94076,9.1,0
497,nearby_eu,client_visit,606.2,3,16747,6297,23044,38.0,0
498,domestic,training,176.9,2,1130,7518,8648,48.9,0
499,europe,client_visit,1580.5,7,43598,34593,78191,49.5,0
500,intercontinental,training,9090.4,6,114109,37115,151224,16.6,0
501,domestic,other,496.3,2,5337,2663,8000,16.1,0
502,nearby_eu,client_visit,628.4,7,60466,48267,108733,173.0,2
503,nearby_eu,conference,566.4,5,7911,12704,20615,36.4,0
504,domestic,training,394.7,11,41969,81694,123663,313.3,2
505,europe,other,1440.8,4,23214,29923,53137,36.9,0
506,domestic,conference,610.4,2,5424,4602,10026,16.4,0
507,domestic,conference,191.7,3,2131,3034,5165,26.9,0
508,intercontinental,client_visit,9325.4,7,115581,54875,170456,18.3,0
509,intercontinental,conference,5845.3,10,73894,96932,170826,29.2,0
510,domestic,client_visit,432.8,2,47669,4242,51911,119.9,1
511,europe,training,2355.8,5,51416,20734,72150,30.6,0
512,domestic,conference,347.9,8,42034,67986,110020,316.2,2
513,domestic,conference,153.5,2,1352,2854,4206,27.4,0
514,nearby_eu,other,425.5,2,9468,7334,16802,39.5,0
515,europe,conference,1426.0,5,42899,29496,72395,50.8,0
516,intercontinental,conference,10605.3,10,88801,104540,193341,18.2,0
517,intercontinental,conference,8175.0,5,74706,58079,132785,16.2,0
518,domestic,client_visit,312.1,1,2735,2913,5648,18.1,0
519,intercontinental,other,8631.4,12,158704,72697,231401,26.8,0
520,domestic,conference,535.7,1,7770,1714,9484,17.7,0
521,europe,other,990.4,4,34511,29836,64347,65.0,0
522,domestic,client_visit,386.2,2,2688,3230,5918,15.3,0
523,domestic,conference,506.2,11,27748,97577,125325,247.6,2
524,domestic,conference,164.6,1,1807,2360,4167,25.3,0
525,nearby_eu,conference,635.8,3,10052,11932,21984,34.6,0
526,intercontinental,client_visit,10071.6,7,132844,43080,175924,17.5,0
527,domestic,conference,457.2,3,5314,13964,19278,42.2,0
528,domestic,training,169.1,2,1815,3782,5597,33.1,0
529,domestic,training,264.1,3,2823,7314,10137,38.4,0
530,europe,conference,1519.6,4,34234,55202,89436,58.9,0
531,nearby_eu,conference,419.4,3,7820,12593,20413,48.7,0
532,domestic,client_visit,327.7,1,2754,1552,4306,13.1,0
533,domestic,client_visit,376.4,2,3805,5910,9715,25.8,0
534,intercontinental,client_visit,8695.9,11,125739,58964,184703,21.2,0
535,domestic,client_visit,359.1,2,2448,3030,5478,15.3,0
536,domestic,client_visit,89.3,1,709,2273,2982,33.4,0
537,intercontinental,conference,11163.9,5,136979,57568,194547,17.4,0
538,europe,training,2298.1,4,87666,23540,111206,48.4,0
539,europe,conference,1792.3,7,43040,35552,78592,43.9,0
540,nearby_eu,client_visit,344.2,8,41882,62304,104186,302.7,2
541,nearby_eu,client_visit,810.4,4,13280,7233,20513,25.3,0
542,nearby_eu,conference,443.8,2,6977,8592,15569,35.1,0
543,domestic,conference,491.4,1,6268,1829,8097,16.5,0
544,nearby_eu,client_visit,750.5,4,8698,20764,29462,39.3,0
545,domestic,client_visit,316.2,2,3474,3192,6666,21.1,0
546,nearby_eu,training,622.7,4,9839,7973,17812,28.6,0
547,intercontinental,conference,9157.6,7,1713019,39131,1752150,191.3,1
548,nearby_eu,other,328.8,3,8261,8465,16726,50.9,0
549,domestic,conference,274.5,2,2183,6636,8819,32.1,0
550,europe,client_visit,1373.7,2,28015,14408,42423,30.9,0
551,nearby_eu,client_visit,488.1,5,9684,13756,23440,48.0,0
552,domestic,client_visit,421.3,1,5689,1885,7574,18.0,0
553,europe,client_visit,1766.4,4,57757,16025,73782,41.8,0
554,intercontinental,conference,8029.4,8,108906,76911,185817,23.1,0
555,nearby_eu,other,804.5,6,14872,24525,39397,49.0,0
556,domestic,training,217.9,1,2611,2059,4670,21.4,0
557,domestic,training,400.8,2,3322,6773,10095,25.2,0
558,domestic,conference,236.2,2,2937,6217,9154,38.8,0
559,nearby_eu,other,594.8,2,8844,6849,15693,26.4,0
560,nearby_eu,conference,488.6,3,7225,9286,16511,33.8,0
561,domestic,conference,52.1,2,644,8355,8999,172.8,0
562,intercontinental,client_visit,7549.4,10,103145,95740,198885,26.3,0
563,domestic,other,338.8,2,2704,3859,6563,19.4,0
564,intercontinental,conference,11727.6,7,114595,58146,172741,14.7,0
565,domestic,client_visit,310.2,1,3553,1351,4904,15.8,0
566,intercontinental,client_visit,9048.7,9,109521,39156,148677,16.4,0
567,europe,client_visit,1595.0,4,53205,17986,71191,44.6,0
568,intercontinental,other,8832.4,10,2081237,60492,2141729,242.5,1
569,domestic,conference,276.7,1,1793,1811,3604,13.0,0
570,domestic,other,168.6,1,1985,2764,4749,28.2,0
571,nearby_eu,client_visit,200.0,2,3578,9303,12881,64.4,0
572,nearby_eu,training,231.4,1,4516,6416,10932,47.2,0
573,domestic,client_visit,63.6,2,343,2040,2383,37.5,0
574,domestic,training,125.2,2,1292,6299,7591,60.6,0
575,nearby_eu,client_visit,581.8,3,12541,7032,19573,33.6,0
576,nearby_eu,training,667.6,3,18067,13784,31851,47.7,0
577,intercontinental,other,7245.5,9,65834,85738,151572,20.9,0
578,nearby_eu,training,514.7,5,14344,17303,31647,61.5,0
579,nearby_eu,client_visit,834.4,2,11864,9862,21726,26.0,0
580,domestic,conference,58.6,2,1009,5787,6796,115.9,0
581,domestic,client_visit,313.1,1,33276,2950,36226,115.7,1
582,intercontinental,conference,4517.9,5,67397,85442,152839,33.8,0
583,domestic,other,479.0,2,3107,3921,7028,14.7,0
584,domestic,training,96.7,2,531,4042,4573,47.3,0
585,europe,client_visit,1300.6,6,47846,49353,97199,74.7,0
586,intercontinental,client_visit,10252.1,10,136660,71275,207935,20.3,0
587,domestic,client_visit,240.5,2,3600,4330,7930,33.0,0
588,europe,conference,1461.1,6,38214,49581,87795,60.1,0
589,intercontinental,training,8652.3,14,106914,129452,236366,27.3,0
590,europe,client_visit,1906.4,2,44802,15049,59851,31.4,0
591,intercontinental,other,9198.9,8,135509,60991,196500,21.4,0
592,nearby_eu,conference,412.7,11,49445,90648,140093,339.5,2
593,domestic,conference,333.9,1,2168,2108,4276,12.8,0
594,nearby_eu,training,880.6,3,16077,6139,22216,25.2,0
595,nearby_eu,conference,778.5,8,52897,65715,118612,152.4,2
596,intercontinental,training,7454.1,7,151903,81339,233242,31.3,0
597,nearby_eu,client_visit,409.2,1,8744,1779,10523,25.7,0
598,europe,client_visit,1473.1,6,48535,21915,70450,47.8,0
599,domestic,training,104.2,8,55092,95183,150275,1442.2,2
600,domestic,conference,348.7,2,4272,5929,10201,29.3,0
601,domestic,client_visit,273.7,9,37268,97830,135098,493.6,2
602,intercontinental,training,4454.9,11,855142,88396,943538,211.8,1
603,domestic,client_visit,564.5,1,75814,1623,77437,137.2,1
604,europe,other,2408.4,8,76450,34666,111116,46.1,0
605,europe,conference,1257.3,2,52044,14447,66491,52.9,0
606,domestic,other,484.1,2,6067,2352,8419,17.4,0
607,domestic,client_visit,274.6,8,63523,75683,139206,506.9,2
608,domestic,client_visit,298.6,1,3800,3459,7259,24.3,0
609,domestic,conference,242.8,2,2036,3145,5181,21.3,0
610,intercontinental,training,13861.9,9,139044,111897,250941,18.1,0
611,europe,training,2314.4,4,62533,18738,81271,35.1,0
612,intercontinental,client_visit,11941.9,10,106495,43184,149679,12.5,0
613,europe,training,1211.6,4,22431,34346,56777,46.9,0
614,domestic,other,287.2,3,3086,9127,12213,42.5,0
615,domestic,conference,328.7,2,5619,3117,8736,26.6,0
616,domestic,other,336.3,1,3673,2063,5736,17.1,0
617,nearby_eu,training,326.9,1,5434,4092,9526,29.1,0
618,intercontinental,conference,3500.0,5,79067,26196,105263,30.1,0
619,domestic,training,291.2,1,3407,2317,5724,19.7,0
620,intercontinental,other,8949.8,5,131140,105807,236947,26.5,0
621,europe,conference,1548.6,2,29944,16281,46225,29.8,0
622,intercontinental,conference,7736.2,6,71333,45910,117243,15.2,0
623,domestic,training,170.6,2,23606,4111,27717,162.5,1
624,nearby_eu,training,516.0,3,9954,9645,19599,38.0,0
625,domestic,conference,159.5,2,1806,5231,7037,44.1,0
626,europe,client_visit,2017.8,6,72921,28872,101793,50.4,0
627,nearby_eu,conference,725.4,3,12438,7712,20150,27.8,0
628,europe,training,1375.1,5,33981,20768,54749,39.8,0
629,europe,client_visit,1315.6,2,29794,5224,35018,26.6,0
630,nearby_eu,client_visit,495.7,1,10203,2579,12782,25.8,0
631,europe,conference,1220.9,4,42265,18344,60609,49.6,0
632,europe,client_visit,1513.1,3,47348,7607,54955,36.3,0
633,domestic,client_visit,322.4,11,33889,58477,92366,286.5,2
634,domestic,training,409.9,2,3624,2640,6264,15.3,0
635,domestic,training,432.7,1,3356,2620,5976,13.8,0
636,domestic,client_visit,332.5,1,2551,3676,6227,18.7,0
637,domestic,other,233.9,2,3851,3648,7499,32.1,0
638,nearby_eu,training,493.8,4,5224,12743,17967,36.4,0
639,intercontinental,training,10549.8,9,125424,52816,178240,16.9,0
640,nearby_eu,client_visit,806.1,1,10217,3611,13828,17.2,0
641,domestic,conference,317.5,2,2739,4008,6747,21.3,0
642,domestic,training,177.5,2,1868,7960,9828,55.4,0
643,nearby_eu,client_visit,863.4,3,13022,9001,22023,25.5,0
644,nearby_eu,client_visit,633.1,3,7392,7062,14454,22.8,0
645,domestic,other,171.5,3,1856,8221,10077,58.7,0
646,domestic,other,256.3,1,2500,2461,4961,19.4,0
647,nearby_eu,conference,200.0,3,6890,14176,21066,105.3,0
648,domestic,conference,176.1,1,1597,2277,3874,22.0,0
649,domestic,conference,281.4,2,3143,2773,5916,21.0,0
650,intercontinental,training,12799.7,5,122541,45702,168243,13.1,0
651,domestic,client_visit,358.8,2,2691,3652,6343,17.7,0
652,domestic,conference,336.2,1,3677,1341,5018,14.9,0
653,domestic,client_visit,476.9,2,6741,3301,10042,21.1,0
654,domestic,client_visit,222.1,2,1812,2772,4584,20.6,0
655,domestic,client_visit,132.1,2,844,2616,3460,26.2,0
656,intercontinental,other,9098.9,11,142396,48112,190508,20.9,0
657,domestic,conference,622.5,1,4642,1481,6123,9.8,0
658,domestic,other,619.1,1,4277,940,5217,8.4,0
659,domestic,conference,188.8,2,2109,4974,7083,37.5,0
660,domestic,client_visit,373.2,2,4786,5940,10726,28.7,0
661,europe,conference,1146.7,3,39667,17142,56809,49.5,0
662,intercontinental,training,8784.2,13,130246,104058,234304,26.7,0
663,domestic,client_visit,237.4,10,68101,55957,124058,522.6,2
664,domestic,training,50.0,2,494,3337,3831,76.6,0
665,nearby_eu,conference,486.2,3,4440,7641,12081,24.8,0
666,europe,client_visit,1102.7,7,44934,42597,87531,79.4,0
667,intercontinental,client_visit,5948.4,6,57721,37003,94724,15.9,0
668,nearby_eu,conference,630.5,3,162697,7912,170609,270.6,1
669,domestic,client_visit,244.5,2,3037,4982,8019,32.8,0
670,nearby_eu,client_visit,265.4,2,3567,4436,8003,30.2,0
671,domestic,training,152.9,2,1144,3918,5062,33.1,0
672,nearby_eu,conference,423.9,4,65087,10625,75712,178.6,1
673,domestic,conference,405.3,2,7586,7575,15161,37.4,0
674,intercontinental,conference,9515.2,6,171467,53693,225160,23.7,0
675,domestic,training,521.2,13,38399,90079,128478,246.5,2
676,europe,training,1603.1,5,49672,14929,64601,40.3,0
677,intercontinental,client_visit,5498.7,7,85386,51205,136591,24.8,0
678,domestic,other,215.4,2,2544,3340,5884,27.3,0
679,intercontinental,training,8150.7,7,100927,56546,157473,19.3,0
680,domestic,client_visit,77.9,1,747,2066,2813,36.1,0
681,nearby_eu,conference,594.0,4,9244,15827,25071,42.2,0
682,europe,client_visit,1825.4,6,62414,37521,99935,54.7,0
683,domestic,other,428.9,1,3596,2357,5953,13.9,0
684,domestic,other,269.5,2,1449,4047,5496,20.4,0
685,nearby_eu,client_visit,905.7,1,11502,1260,12762,14.1,0
686,domestic,training,208.6,3,2654,6798,9452,45.3,0
687,intercontinental,training,8144.7,6,65481,39574,105055,12.9,0
688,europe,conference,1637.0,3,32892,18500,51392,31.4,0
689,europe,client_visit,2090.6,6,55045,37183,92228,44.1,0
690,intercontinental,conference,13381.2,8,216157,24890,241047,18.0,0
691,nearby_eu,training,586.9,3,10979,7989,18968,32.3,0
692,domestic,training,194.8,3,2558,5046,7604,39.0,0
693,domestic,training,382.6,1,4227,2921,7148,18.7,0
694,domestic,client_visit,237.4,2,1805,6476,8281,34.9,0
695,domestic,client_visit,270.0,1,2276,3720,5996,22.2,0
696,europe,conference,1783.2,5,131334,27860,159194,89.3,0
697,europe,training,800.0,5,39153,23920,63073,78.8,0
698,intercontinental,conference,12272.7,10,126146,60118,186264,15.2,0
699,domestic,client_visit,467.3,3,5309,3979,9288,19.9,0
700,intercontinental,conference,4432.7,8,62747,40499,103246,23.3,0
701,europe,client_visit,1902.2,7,63129,35993,99122,52.1,0
702,intercontinental,client_visit,6110.7,6,68850,54688,123538,20.2,0
703,nearby_eu,other,399.3,4,6531,7937,14468,36.2,0
704,nearby_eu,conference,668.4,3,9648,7736,17384,26.0,0
705,intercontinental,client_visit,10501.4,11,103082,139418,242500,23.1,0
706,europe,client_visit,800.0,2,24487,7353,31840,39.8,0
707,nearby_eu,training,1067.6,4,15894,13645,29539,27.7,0
708,nearby_eu,client_visit,501.0,3,8719,12589,21308,42.5,0
709,domestic,training,287.1,3,4028,7912,11940,41.6,0
710,intercontinental,client_visit,12744.3,11,414023,54536,468559,36.8,0
711,domestic,client_visit,335.6,3,2783,9308,12091,36.0,0
712,domestic,other,145.5,3,2052,8288,10340,71.1,0
713,domestic,conference,269.0,2,2713,3187,5900,21.9,0
714,europe,other,1733.3,5,51548,30240,81788,47.2,0
715,domestic,conference,242.5,1,2775,1094,3869,16.0,0
716,intercontinental,client_visit,3500.0,13,69465,88118,157583,45.0,0
717,europe,other,1319.9,6,30626,25020,55646,42.2,0
718,nearby_eu,conference,846.3,3,9485,6759,16244,19.2,0
719,domestic,training,335.1,2,4153,4017,8170,24.4,0
720,domestic,conference,477.2,1,5966,1844,7810,16.4,0
721,domestic,training,180.0,1,1735,2574,4309,23.9,0
722,europe,client_visit,1080.6,7,30896,41544,72440,67.0,0
723,europe,training,2606.5,4,64462,30333,94795,36.4,0
724,nearby_eu,other,582.4,3,10020,22583,32603,56.0,0
725,domestic,training,325.7,2,3296,4831,8127,25.0,0
726,domestic,client_visit,365.8,1,2805,6941,9746,26.6,0
727,nearby_eu,client_visit,236.0,3,2907,8621,11528,48.8,0
728,domestic,other,359.6,1,6013,1398,7411,20.6,0
729,europe,conference,1946.4,3,56862,12542,69404,35.7,0
730,intercontinental,other,3500.0,13,44478,84339,128817,36.8,0
731,nearby_eu,conference,374.4,1,6714,4141,10855,29.0,0
732,nearby_eu,client_visit,600.5,1,7205,2556,9761,16.3,0
733,nearby_eu,client_visit,477.0,5,8423,19337,27760,58.2,0
734,domestic,training,50.0,2,566,4110,4676,93.5,0
735,nearby_eu,conference,222.4,2,2588,13331,15919,71.6,0
736,europe,other,800.0,5,19624,15113,34737,43.4,0
737,intercontinental,conference,9529.5,7,151650,47250,198900,20.9,0
738,nearby_eu,other,205.3,5,3457,27659,31116,151.5,0
739,nearby_eu,client_visit,312.8,3,5097,8549,13646,43.6,0
740,nearby_eu,client_visit,568.8,2,7511,12241,19752,34.7,0
741,europe,client_visit,1280.0,5,35288,13115,48403,37.8,0
742,domestic,client_visit,384.5,1,50765,1582,52347,136.1,1
743,domestic,client_visit,331.4,3,4580,8827,13407,40.5,0
744,europe,training,997.7,6,29301,17686,46987,47.1,0
745,europe,client_visit,1568.1,2,50914,11544,62458,39.8,0
746,domestic,conference,220.8,2,1492,3052,4544,20.6,0
747,domestic,other,274.8,1,2827,1460,4287,15.6,0
748,europe,conference,2440.2,5,55095,22761,77856,31.9,0
749,europe,conference,1953.9,9,45966,40646,86612,44.3,0
750,europe,conference,1829.0,5,69418,19775,89193,48.8,0
751,nearby_eu,client_visit,577.2,2,18220,4985,23205,40.2,0
752,domestic,training,530.0,2,4383,5346,9729,18.4,0
753,europe,training,2054.9,6,61119,29525,90644,44.1,0
754,intercontinental,client_visit,8365.5,7,174742,36630,211372,25.3,0
755,domestic,conference,526.3,1,4284,1521,5805,11.0,0
756,domestic,client_visit,213.0,1,2278,1819,4097,19.2,0
757,domestic,other,96.9,2,796,8086,8882,91.6,0
758,domestic,training,151.6,2,1408,4125,5533,36.5,0
759,nearby_eu,client_visit,601.0,4,12061,12799,24860,41.4,0
760,intercontinental,conference,5242.5,10,65571,80252,145823,27.8,0
761,nearby_eu,client_visit,525.7,3,6905,17572,24477,46.6,0
762,europe,conference,2676.5,2,74781,11493,86274,32.2,0
763,domestic,conference,125.1,2,1681,4879,6560,52.4,0
764,nearby_eu,training,709.9,3,5342,16357,21699,30.6,0
765,intercontinental,conference,10985.9,7,117777,62565,180342,16.4,0
766,nearby_eu,conference,662.7,3,13234,6326,19560,29.5,0
767,intercontinental,conference,10003.6,7,142176,50078,192254,19.2,0
768,europe,conference,800.0,5,26812,29616,56428,70.5,0
769,europe,training,1786.8,6,755196,34431,789627,441.9,1
770,nearby_eu,conference,470.3,4,6815,18439,25254,53.7,0
771,nearby_eu,client_visit,512.1,3,9440,18047,27487,53.7,0
772,domestic,client_visit,254.8,2,3928,4820,8748,34.3,0
773,domestic,client_visit,330.9,2,4220,3837,8057,24.3,0
774,nearby_eu,conference,1014.8,4,16438,13323,29761,29.3,0
775,nearby_eu,client_visit,623.6,2,14347,4409,18756,30.1,0
776,europe,conference,2794.6,4,64936,16222,81158,29.0,0
777,domestic,conference,139.6,4,1647,5780,7427,53.2,0
778,domestic,client_visit,398.5,3,4442,5376,9818,24.6,0
779,domestic,conference,135.3,1,873,1564,2437,18.0,0
780,domestic,client_visit,112.1,1,836,1838,2674,23.9,0
781,nearby_eu,other,438.9,4,6984,13383,20367,46.4,0
782,intercontinental,client_visit,6057.7,10,73709,54475,128184,21.2,0
783,domestic,training,217.3,2,2122,3164,5286,24.3,0
784,domestic,conference,147.7,1,1335,2728,4063,27.5,0
785,domestic,other,404.0,3,5047,13345,18392,45.5,0
786,domestic,training,265.7,1,3106,2330,5436,20.5,0
787,domestic,other,333.5,2,2563,2901,5464,16.4,0
788,europe,training,1226.1,4,28624,15276,43900,35.8,0
789,europe,training,1483.0,4,56615,22356,78971,53.3,0
790,nearby_eu,training,552.2,3,10796,9842,20638,37.4,0
791,domestic,client_visit,391.0,1,2353,2436,4789,12.2,0
792,europe,training,1853.3,4,41400,24665,66065,35.6,0
793,europe,other,2265.7,3,53875,27935,81810,36.1,0
794,domestic,training,320.2,2,1484,3117,4601,14.4,0
795,intercontinental,client_visit,8891.9,13,105642,67840,173482,19.5,0
796,domestic,training,258.2,2,4836,1877,6713,26.0,0
797,europe,conference,1131.3,6,39777,29460,69237,61.2,0
798,domestic,conference,265.3,2,2517,4843,7360,27.7,0
799,europe,conference,969.6,2,34602,10997,45599,47.0,0
800,nearby_eu,conference,990.5,2,16612,9408,26020,26.3,0
